Girish (15).wav,Girish,1
Girish (16).wav,Girish,1
Girish (17).wav,Girish,1
Girish (18).wav,Girish,1
Girish (19).wav,Girish,1
Girish (20).wav,Girish,1
Girish (21).wav,Girish,1
Girish (22).wav,Girish,1
Girish (23).wav,Girish,1
Girish (24).wav,Girish,1
Girish (25).wav,Girish,1
Girish (26).wav,Girish,1
Girish (27).wav,Girish,1
Girish (28).wav,Girish,1
Girish (29).wav,Girish,1
Girish (30).wav,Girish,1
Girish (31).wav,Girish,1
Girish (32).wav,Girish,1
Girish (33).wav,Girish,1
Girish (34).wav,Girish,1
Mohnish (37).wav,Mohnish,1
Mohnish (38).wav,Mohnish,1
Mohnish (39).wav,Mohnish,1
Mohnish (40).wav,Mohnish,1
Mohnish (41).wav,Mohnish,1
Mohnish (42).wav,Mohnish,1
Mohnish (43).wav,Mohnish,1
Mohnish (44).wav,Mohnish,1
Mohnish (45).wav,Mohnish,1
Mohnish (46).wav,Mohnish,1
Mohnish (47).wav,Mohnish,1
Mohnish (48).wav,Mohnish,1
Mohnish (49).wav,Mohnish,1
Mohnish (50).wav,Mohnish,1
